"number","title","pageid","namespace","length","touched"
"1","Artificial_neural_network","21523","","97726","20221219175025"
"2","Self-organizing_map","76996","","32069","20221110215237"
"3","Sigmoid_function","87210","","12606","20221119083656"
"4","Perceptron","172777","","26713","20221223125551"
"5","Early_stopping","213214","","13298","20211006051122"
"6","Neuroevolution_of_augmenting_topologies","344922","","13606","20221005005140"
"7","Artificial_neuron","349771","","28741","20221128134447"
"8","Question_answering","360030","","28489","20221206105423"
"9","Synaptic_plasticity","423771","","30471","20220824085423"
"10","Neuroevolution","440706","","20547","20220725182337"
"11","Instantaneously_trained_neural_networks","470314","","4820","20220210223415"
"12","Neural_pathway","563392","","9856","20220901050925"
"13","Feed_forward_(control)","574759","","30836","20221223192724"
"14","Learning_vector_quantization","827635","","4478","20220825164331"
"15","Cortical_column","941745","","13661","20221109032256"
"16","Generative_topographic_map","1091054","","5291","20190912022954"
"17","Boltzmann_machine","1166059","","29505","20221221192345"
"18","Hopfield_network","1170097","","54230","20221221195721"
"19","Memory-prediction_framework","1196714","","17167","20220518111513"
"20","Helmholtz_machine","1222568","","3000","20221009172002"
"21","Delta_rule","1237612","","5510","20220705232243"
"22","Backpropagation","1360091","","50750","20221205032545"
"23","Computational_cybernetics","1532719","","2860","20210222183651"
"24","Optical_neural_network","1635395","","7364","20211109210323"
"25","Neurally_controlled_animat","1660640","","1592","20220315062139"
"26","Recurrent_neural_network","1706303","","68681","20221106202424"
"27","Feedforward_neural_network","1706332","","11497","20221208145901"
"28","Neural_circuit","1726672","","19214","20220918222019"
"29","Neural_network","1729542","","36119","20221221010608"
"30","Linde–Buzo–Gray_algorithm","1796414","","1282","20201208233446"
"31","Winner-take-all_(computing)","1853175","","7759","20221110180911"
"32","Sleep_spindle","1937077","","20408","20221209054657"
"33","Neuroplasticity","1948637","","116131","20221206043840"
"34","Multilayer_perceptron","2266644","","9195","20220908215355"
"35","Radial_basis_function","2310753","","17592","20220828221020"
"36","Neural_gas","2457021","","13680","20221106151221"
"37","Cellular_neural_network","2506529","","73189","20220606201327"
"38","Neuro-fuzzy","2715076","","6956","20221224161442"
"39","Neural_oscillation","2860430","","85080","20221205123530"
"40","Adaptive_resonance_theory","3056879","","16539","20220106233014"
"41","Emergent_(software)","3562081","","3741","20220629050127"
"42","NETtalk_(artificial_neural_network)","3691953","","2465","20221205081554"
"43","Semantic_neural_network","3710117","","4922","20210628193336"
"44","Neural_network_software","3712924","","10003","20220907135139"
"45","SNNS","3735034","","2012","20211211193642"
"46","Quantum_neural_network","3737445","","17984","20221116013433"
"47","Peltarion_Synapse","3741507","","5892","20220629050154"
"48","JOONE","3906261","","2926","20220130090545"
"49","Hybrid_neural_network","3907217","","2009","20220928154747"
"50","ALOPEX","4231161","","2277","20180817210059"
"51","NeuroSolutions","4390806","","6170","20220629050216"
"52","Tensor_product_network","5099023","","673","20160406153855"
"53","Neocognitron","6092601","","5383","20211014222240"
"54","Pulse-coupled_networks","6107563","","5264","20211111182237"
"55","Neural_coding","6147487","","63213","20221216170037"
"56","Softmax_function","6152185","","30899","20221116011932"
"57","Autoencoder","6836612","","40630","20221105053638"
"58","Leabra","7049330","","7005","20220805131859"
"59","Interactive_activation_and_competition_networks","7437547","","1447","20220926100242"
"60","Lernmatrix","7583202","","657","20171221090329"
"61","Liquid_state_machine","7823692","","4474","20220626032220"
"62","Rprop","7950358","","4477","20220801020257"
"63","Cerebellar_model_articulation_controller","8160211","","8719","20220117180032"
"64","ADALINE","8220913","","6576","20220719090029"
"65","Random_neural_network","8278198","","7193","20221210172958"
"66","Frontostriatal_circuit","8296426","","9060","20220411111315"
"67","Computational_neurogenetic_modeling","8402086","","19645","20201213020012"
"68","Echo_state_network","8887731","","12470","20221209035127"
"69","Ni1000","8892368","","2163","20221021184333"
"70","Autoassociative_memory","9054429","","5866","20220526100810"
"71","Committee_machine","9583985","","1844","20200910084039"
"72","Oja's_rule","9617564","","13105","20221017081746"
"73","Radial_basis_function_network","9651443","","30293","20221201101414"
"74","Infomax","9835466","","3417","20201213022541"
"75","Spiking_neural_network","10159567","","31307","20221217123143"
"76","Reservoir_computing","10667750","","23989","20221116013636"
"77","Long_short-term_memory","10711453","","49454","20221208193912"
"78","Cultured_neuronal_network","10839226","","20328","20220622043012"
"79","Hierarchical_temporal_memory","11273721","","34439","20220803174954"
"80","Neural_cryptography","12589161","","15717","20220326044200"
"81","Compositional_pattern-producing_network","13526929","","3475","20201213022845"
"82","Group_method_of_data_handling","13793747","","18564","20221125161824"
"83","Wilson–Cowan_model","14116393","","19889","20221122180555"
"84","Activation_function","14179835","","18412","20221215205021"
"85","Neural_backpropagation","14338608","","18598","20221206075557"
"86","Generalized_Hebbian_algorithm","14402929","","5164","20210407112812"
"87","Synaptic_weight","14405160","","4063","20210406134519"
"88","The_Emotion_Machine","14509578","","4472","20221106113744"
"89","Confabulation_(neural_networks)","14923645","","7442","20220420175102"
"90","EDLUT","15605446","","3254","20211204200236"
"91","Evolutionary_acquisition_of_neural_topologies","15702071","","5564","20221205122848"
"92","Artificial_Intelligence_System","16167377","","5424","20220924101228"
"93","Bidirectional_associative_memory","17290783","","4933","20200913224949"
"94","Modular_neural_network","17319790","","5720","20220908215130"
"95","Universal_approximation_theorem","18543448","","25953","20221209014444"
"96","European_Neural_Network_Society","19172663","","2017","20210212192546"
"97","Neural_Lab","21227904","","5418","20221123124029"
"98","Neural_Networks_(journal)","21393064","","2244","20220908140344"
"99","Nonsynaptic_plasticity","21445461","","47680","20220918072422"
"100","HyperNEAT","21573718","","10389","20220609203119"
"101","Time_delay_neural_network","23594537","","16088","20220908214530"
"102","Cover's_theorem","24364159","","5178","20221112221421"
"103","Neuroph","24403565","","2465","20210714190650"
"104","Physical_neural_network","24833746","","11405","20220902164407"
"105","Promoter_based_genetic_algorithm","25056220","","3837","20211205135635"
"106","Competitive_learning","26266110","","5415","20210304065536"
"107","Encog","26471190","","4524","20220908200343"
"108","Backpropagation_through_time","27569062","","5988","20220327195145"
"109","Types_of_artificial_neural_networks","28016652","","83364","20221021023118"
"110","U-matrix","28071238","","2046","20200705171459"
"111","DexNet","29843595","","2605","20220129174510"
"112","Reentry_(neural_circuitry)","30326435","","1893","20220615151150"
"113","Growing_self-organizing_map","30867546","","7444","20220907121043"
"114","Extension_neural_network","31294087","","10643","20220130121934"
"115","IPO_underpricing_algorithm","31405724","","7615","20220930065954"
"116","Adaptive_neuro_fuzzy_inference_system","31663887","","6481","20211130184308"
"117","Deep_learning","32472154","","152051","20221216072043"
"118","BCPNN","33025196","","21431","20221119225829"
"119","Non-spiking_neuron","33244792","","19812","20221115232636"
"120","Neural_decoding","33246145","","19346","20210911115642"
"121","Dehaene–Changeux_model","33548913","","14145","20220118195933"
"122","Restricted_Boltzmann_machine","33742232","","17561","20221010081706"
"123","Nervous_system_network_models","33818014","","39090","20221030094700"
"124","Hybrid_Kohonen_self-organizing_map","34676768","","1577","20180228164625"
"125","Probabilistic_neural_network","35179233","","8759","20220908214539"
"126","Grossberg_network","35323360","","1364","20200709072500"
"127","Learning_rule","35699507","","8974","20220604083642"
"128","Stochastic_neural_analog_reinforcement_calculator","37652061","","3201","20210102134729"
"129","Rectifier_(neural_networks)","37862937","","15539","20221216232227"
"130","CoDi","38156432","","9821","20211225054743"
"131","Catastrophic_interference","39182554","","30291","20221119163104"
"132","Neural_Engineering_Object","40337947","","7313","20220821090120"
"133","Convolutional_neural_network","40409788","","117788","20221222210639"
"134","Neural_network_synchronization_protocol","40473285","","1260","20200531160517"
"135","Synaptic_transistor","41027689","","3086","20221201163345"
"136","Phase_resetting_in_neurons","41121206","","19567","20220803203700"
"137","Deep_belief_network","41416740","","10508","20221030055332"
"138","Quickprop","41575347","","1821","20210114164124"
"139","DeepMind","41755648","","66270","20221214175753"
"140","OpenNN","42129549","","4891","20220908201458"
"141","PSIPRED","42173089","","9117","20220727150619"
"142","Deep_lambertian_networks","42358441","","1969","20221025193553"
"143","Convolutional_deep_belief_network","42368614","","1942","20210226125050"
"144","Jpred","42639996","","5132","20220725051724"
"145","Vanishing_gradient_problem","43502368","","25580","20221030131050"
"146","Word_embedding","43561218","","25152","20221106204144"
"147","Soboleva_modified_hyperbolic_tangent","43662588","","14769","20221219162659"
"148","Multi-surface_method","43693845","","1927","20221027194415"
"149","Recursive_neural_network","43705185","","8857","20220719082343"
"150","Hyper_basis_function_network","44738576","","4316","20171114030351"
"151","Backpropagation_through_structure","46465898","","778","20220719085528"
"152","Outstar","46724044","","663","20220120125044"
"153","Multimodal_learning","46975535","","14765","20221123012744"
"154","Dilution_(neural_networks)","47349395","","9725","20221026210455"
"155","Extreme_learning_machine","47378228","","22707","20221110201555"
"156","Large-scale_brain_network","47511015","","21275","20221031163619"
"157","Word2vec","47527969","","23909","20221218181721"
"158","Electricity_price_forecasting","48684895","","49017","20220823171100"
"159","Bidirectional_recurrent_neural_networks","49686608","","5980","20220908215805"
"160","Generative_adversarial_network","50073184","","95046","20221217095959"
"161","Neural_Turing_machine","50568884","","4824","20221014161901"
"162","Gated_recurrent_unit","50569499","","6900","20221124170612"
"163","Galves–Löcherbach_model","50799933","","17395","20220503085758"
"164","Hard_sigmoid","51157287","","1491","20220708123558"
"165","Artisto","51404222","","8631","20221010080945"
"166","Differentiable_neural_computer","52036598","","13886","20221014162159"
"167","Google_Neural_Machine_Translation","52840911","","17949","20221215094403"
"168","General_regression_neural_network","53468615","","3448","20220908214650"
"169","WaveNet","54133326","","14005","20220718170722"
"170","Connectionist_temporal_classification","54550729","","2831","20220524175542"
"171","The_NeuroGenderings_Network","55008561","","22897","20220825121705"
"172","Salience_network","55278992","","12638","20220212020505"
"173","Relation_network","55482316","","4286","20200401172434"
"174","Netomi","55690224","","6226","20221218212851"
"175","Residual_neural_network","55867424","","9848","20221128095155"
"176","Capsule_neural_network","55986595","","28267","20221203185445"
"177","Deep_Instinct","56086085","","5879","20220429044217"
"178","Deep_image_prior","56173403","","5410","20221208233128"
"179","Phase_precession","56414357","","13469","20210913163024"
"180","Deepfake","56641018","","128716","20221222024729"
"181","Time_aware_long_short-term_memory","56833816","","949","20210913175958"
"182","Memtransistor","56906363","","3088","20221223194244"
"183","AlterEgo","57040423","","2398","20221122090440"
"184","Large_memory_storage_and_retrieval_neural_network","57169104","","7306","20211210144621"
"185","SqueezeNet","57410739","","14631","20220908202625"
"186","NVDLA","57667862","","2975","20210710165749"
"187","Brain–body_interaction","58042394","","7763","20220707052654"
"188","Sentence_embedding","58348103","","4861","20221208083117"
"189","CLEVER_score","58469254","","1529","20220214145642"
"190","Siamese_neural_network","59302425","","12334","20220908215642"
"191","Triplet_loss","59317908","","6927","20220701192119"
"192","Neural_style_transfer","59892172","","8761","20220628083212"
"193","Deep_reinforcement_learning","60105148","","26810","20221122211829"
"194","Inceptionv3","60320598","","2333","20221221160131"
"195","Oscillatory_neural_network","60332185","","1562","20211004222434"
"196","Digital_cloning","60595691","","41057","20221212133214"
"197","History_of_artificial_neural_networks","61541925","","27642","20221112135241"
"198","Mathematics_of_artificial_neural_networks","61547718","","12053","20211112213353"
"199","Transformer_(machine_learning_model)","61603971","","27159","20221217092421"
"200","DeepNude","61611117","","184","20201114155753"
"201","Conversica","61835858","","13996","20220402050549"
"202","Variational_autoencoder","62078649","","20882","20221212090544"
"203","Multi-agent_reinforcement_learning","62285602","","22135","20221224125729"
"204","Knowledge_distillation","62295363","","9614","20221011065407"
"205","LeNet","62365540","","11524","20220903193831"
"206","Seq2seq","62607005","","7594","20221216194350"
"207","Target_selection","63352392","","9866","20211230111810"
"208","Region_Based_Convolutional_Neural_Networks","63359350","","5008","20220801083043"
"209","Neural_network_Gaussian_process","63513679","","20721","20220317192225"
"210","Teacher_forcing","63569430","","3775","20221110183115"
"211","Energy-based_generative_neural_network","63637933","","6994","20210702235809"
"212","Deep_learning_in_photoacoustic_imaging","63664231","","27785","20220129170650"
"213","Swish_function","63822450","","4410","20221205011906"
"214","Deep_learning_processor","64152617","","22820","20220808092134"
"215","Pruning_(artificial_neural_network)","64180478","","1492","20220130141705"
"216","Frontoparietal_network","64409310","","9101","20210913155120"
"217","Large_width_limits_of_neural_networks","64415394","","8590","20221110204329"
"218","High-frequency_oscillations","64635161","","23037","20220823050857"
"219","Efficiently_updatable_neural_network","64703342","","3464","20221007092724"
"220","Wulfram_Gerstner","65221072","","16739","20221205174629"
"221","Ablation_(artificial_intelligence)","65434605","","3801","20220711180704"
"222","LipNet","65950731","","2112","20220908203452"
"223","Layer_(deep_learning)","66740805","","5891","20221026094826"
"224","DL_Boost","67200581","","2085","20220705233428"
"225","Contrastive_Hebbian_learning","67321086","","1448","20220802193435"
"226","Physics-informed_neural_networks","67944516","","21889","20221223195848"
"227","Graph_neural_network","68162942","","31393","20221215210749"
"228","Vision_transformer","68212199","","14796","20221106121043"
"229","Modern_Hopfield_network","68440670","","23839","20221208120656"
"230","Brain.js","70302439","","3947","20220829224515"
"231","Artificial_intelligence_in_fraud_detection","70362483","","15345","20221220193410"
"232","Foundation_models","70984276","","11453","20221206234051"
"233","LaMDA","70993391","","21679","20221219143207"
"234","Wasserstein_GAN","71299604","","16206","20221203182628"